step,train_urls,legit_with_path,leaves,threshold,cv_avg_precision,precision_1:10,recall_1:10,f1_1:10,f1_1:10_sd,precision_1:100,recall_1:100,f1_1:100,f1_1:100_sd,ap_1:100,precision_1:100_clean,f1_1:100_clean,params
Baseline (before improvements),113278,0.26718338953724463,643.0,0.5,0.9325020116008628,0.34101594341548774,0.8072961373390559,0.47948116315417516,0.006252412265724912,0.048567764319151885,0.7981402002861231,0.09156369664405642,0.0011320941668493587,0.1953400815814113,0.051597350071576786,0.09697821599361461,"{'criterion': 'gini', 'max_depth': 25, 'min_samples_leaf': 100}"
+ cap of 20 URLs per site,97844,0.16385266342340868,544.0,0.5,0.9425001280318256,0.24762500144959626,0.8091559370529329,0.37919417506022357,0.0043370244173157125,0.031493045913398604,0.8029327610872675,0.06060885395875339,0.0005869933847789817,0.19382585515255643,0.03291440068059685,0.06325373562863815,"{'criterion': 'gini', 'max_depth': 20, 'min_samples_leaf': 100}"
+ legit path share matched to phishing,97844,0.677854543967949,1082.0,0.5,0.9016193167284433,0.4066685502403489,0.7992846924177396,0.5390486429349893,0.006228657822395745,0.06344060217757089,0.7924177396280401,0.1174758685804664,0.0010941830839357068,0.19597928370166692,0.06626158884972373,0.12237195402705078,"{'criterion': 'entropy', 'max_depth': 20, 'min_samples_leaf': 50}"
+ Common Crawl deep links,97846,0.6777180467264886,638.0,0.5,0.9020166119997682,0.38888499412774175,0.8118741058655221,0.5258580084367083,0.008603025512779,0.05854858161594954,0.8029327610872675,0.10913866177746856,0.0008210960628252262,0.2667382394945942,0.06131146742839435,0.11400433318381493,"{'criterion': 'entropy', 'max_depth': 25, 'min_samples_leaf': 100}"
+ suspect labels removed,97844,0.6777523404603246,1019.0,0.5,0.9127500394646177,0.38112134464859293,0.8005007153075823,0.5163699611715946,0.008556218117792813,0.057017948666627405,0.7917024320457797,0.10637472642467878,0.001134331632550978,0.17223572739048057,0.06195392091241588,0.1149801933264536,"{'criterion': 'entropy', 'max_depth': 20, 'min_samples_leaf': 50}"
+ 8 new features,97844,0.6777523404603246,603.0,0.5,0.9394178270242378,0.43270213332513163,0.8444921316165951,0.5721971629687734,0.005480381581390542,0.06994813965178007,0.8429899856938483,0.12917740741352318,0.0011724128193731013,0.3544682294032501,0.0769447449752311,0.14107453669568465,"{'criterion': 'entropy', 'max_depth': None, 'min_samples_leaf': 100}"
+ cost-complexity pruning,97844,0.6777523404603246,148.0,0.5,0.938193127700956,0.4450945321869245,0.8442060085836911,0.5828578914048471,0.00522450716164307,0.07349557588099259,0.8429899856938483,0.13520334786265448,0.0012976050841846342,0.3196571626648177,0.08220441562904665,0.14989162252826715,"{'ccp_alpha': 0.0003, 'criterion': 'entropy', 'min_samples_leaf': 20}"
+ threshold tuned on validation,97844,0.6777523404603246,148.0,0.9666666666666667,0.938193127700956,0.8245808423469615,0.5758226037195995,0.6780546205124901,0.008072943824103927,0.32034304238739747,0.5766809728183119,0.41187742739047384,0.010053224597989635,0.3196571626648177,0.41910137950518767,0.4855676284174132,"{'ccp_alpha': 0.0003, 'criterion': 'entropy', 'min_samples_leaf': 20}"
"+ allowlist (Tranco top 10,000)",97844,0.6777523404603246,148.0,0.9666666666666667,0.938193127700956,0.8663650424866928,0.5735336194563663,0.6901266255709091,0.008779883337368316,0.3942327501410573,0.575035765379113,0.467755842836699,0.011203377870310898,0.3360071594780159,0.55615674884074,0.5653946049573636,"{'ccp_alpha': 0.0003, 'criterion': 'entropy', 'min_samples_leaf': 20}"
"Random forest, same data, features, threshold and allowlist",97844,0.6777523404603246,,0.9529241337817399,,0.9403458563340218,0.5568669527896996,0.699487494167055,0.007553660774039613,0.5994619320676069,0.5530758226037196,0.575284397482933,0.01514163941710629,0.5293433136081837,0.7135677635473581,0.6258921317316382,"{'n_estimators': 300, 'min_samples_leaf': 2}"
