,legit_mean,phish_mean,legit_median,phish_median
url_length,25.473,66.383,15.0,41.0
host_length,14.53,23.279,14.0,21.0
path_length,8.871,24.645,0.0,13.0
query_length,2.033,18.265,0.0,0.0
path_depth,0.61,1.751,0.0,1.0
num_params,0.074,0.378,0.0,0.0
num_dots,1.338,2.342,1.0,2.0
num_hyphens,0.575,1.174,0.0,1.0
has_at,0.001,0.016,0.0,0.0
digit_count,1.657,10.808,0.0,3.0
digit_ratio,0.033,0.11,0.0,0.067
special_char_count,0.534,1.417,0.0,0.0
entropy,3.486,4.215,3.409,4.178
ip_host,0.0,0.009,0.0,0.0
num_subdomains,0.096,0.486,0.0,0.0
host_hyphens,0.117,0.617,0.0,0.0
host_digits,0.288,1.739,0.0,0.0
host_entropy,3.257,3.598,3.278,3.642
has_punycode,0.001,0.002,0.0,0.0
has_port,0.0,0.001,0.0,0.0
is_shortener,0.0,0.026,0.0,0.0
suspicious_word_count,0.042,0.297,0.0,0.0
