feature,info_gain,gini_gain,best_threshold
url_length,0.24108155103611606,0.15637073102571492,21.5
entropy,0.24024305301778026,0.15547220781491833,3.642260665190403
num_dots,0.19206020114265432,0.1271043514521052,1.5
host_length,0.15623363113735356,0.10121753106788556,20.5
path_length,0.15059880513325974,0.10064591488908331,1.0
path_depth,0.15059880513325974,0.10064591488908331,0.5
digit_ratio,0.13950814654849786,0.09321168319220668,0.0003152585119798
digit_count,0.13950814654849786,0.09321168319220668,0.5
host_entropy,0.131576883382181,0.08596257500103555,3.642260665190403
num_subdomains,0.12152254761032955,0.07776451130170381,0.5
num_hyphens,0.08203283325258681,0.055294865848722174,0.5
host_hyphens,0.07920299190118085,0.05206814249913544,0.5
suspicious_word_count,0.07452421904355833,0.04602601443187687,0.5
host_digits,0.06175989632886547,0.04078273172236885,0.5
query_length,0.03814994877836808,0.024353567448790414,10.5
num_params,0.03761077618407471,0.024314867344533198,0.5
special_char_count,0.029519666950073464,0.019935212054577545,0.5
is_shortener,0.01201120634907149,0.006389969672998319,0.5
has_at,0.0066211501125826855,0.0036568409726264184,0.5
ip_host,0.004438348468932651,0.002280343931571227,0.5
has_port,0.00048428511825626686,0.0002766517144175973,0.5
has_punycode,9.969840886403514e-05,6.77578061503703e-05,0.5
